Gym,Gym Code,Issue,Event Type,Date,Time,Title,Price in System,iClassPro URL
Capital Gymnastics - Cedar Park,CCP,MISSING PRICE IN DESCRIPTION,CAMP,2026-01-05,9:00 AM - 3:00 PM,"Winter Wonderland Camp | School Year Camp | Ages 4-13 | January 5, 2026 | 9 am-3 pm",None,https://portal.iclasspro.com/capgymavery/camp-details/1146
Capital Gymnastics - Cedar Park,CCP,MISSING PRICE IN DESCRIPTION,OPEN GYM,2026-01-09,10:30 AM - 12:00 PM,"Gym Fun Fridays | Open Gym | Ages 1-5 | January 9, 2026 | 10:30am -12:00pm | $10",$10,https://portal.iclasspro.com/capgymavery/camp-details/1241
Capital Gymnastics - Cedar Park,CCP,MISSING PRICE IN DESCRIPTION,CLINIC,2026-01-11,2:30 PM - 4:00 PM,"Bridge Kickover Clinic | Ages 6+ | Sunday, January 11, 2026 | 2:30pm-4:00pm | $35",$35,https://portal.iclasspro.com/capgymavery/camp-details/1252
Capital Gymnastics - Cedar Park,CCP,MISSING PRICE IN DESCRIPTION,KIDS NIGHT OUT,2026-01-16,6:30 PM - 9:30 PM,"Kids Night Out | Ages 4-13 | January 16, 2026 | 6:30-9:30 pm",None,https://portal.iclasspro.com/capgymavery/camp-details/1237
Capital Gymnastics - Cedar Park,CCP,MISSING PRICE IN DESCRIPTION,OPEN GYM,2026-01-16,10:30 AM - 12:00 PM,"Gym Fun Fridays | Open Gym | Ages 1-5 | January 16, 2026 | 10:30am -12:00pm | $10",$10,https://portal.iclasspro.com/capgymavery/camp-details/1242
Capital Gymnastics - Cedar Park,CCP,MISSING PRICE IN DESCRIPTION,CAMP,2026-01-19,9:00 AM - 3:00 PM,"Frosty's Flip Fest | School Year Camp | Ages 4-13 | Monday, January 19, 2025 | 9 am-3 pm | $69/day",$69,https://portal.iclasspro.com/capgymavery/camp-details/1147
Capital Gymnastics - Cedar Park,CCP,MISSING PRICE IN DESCRIPTION,CLINIC,2026-01-23,6:15 PM - 7:15 PM,"Trampoline & TumblTrak Clinic Ages 6+ | Friday, January 23, 2026 | 6:15 pm-7:15pm | $30",$30,https://portal.iclasspro.com/capgymavery/camp-details/1240
Capital Gymnastics - Cedar Park,CCP,MISSING PRICE IN DESCRIPTION,OPEN GYM,2026-01-23,10:30 AM - 12:00 PM,"Gym Fun Fridays | Open Gym | Ages 1-5 | January 23, 2026 | 10:30am -12:00pm | $10",$10,https://portal.iclasspro.com/capgymavery/camp-details/1243
Capital Gymnastics - Cedar Park,CCP,MISSING PRICE IN DESCRIPTION,KIDS NIGHT OUT,2026-01-30,6:30 PM - 9:30 PM,"Kids Night Out | Ages 4-13 | January 30, 2026 | 6:30-9:30 pm",None,https://portal.iclasspro.com/capgymavery/camp-details/1238
Capital Gymnastics - Cedar Park,CCP,MISSING PRICE IN DESCRIPTION,OPEN GYM,2026-01-30,10:30 AM - 12:00 PM,"Gym Fun Fridays | Open Gym | Ages 1-5 | January 30, 2026 | 10:30am -12:00pm | $10",$10,https://portal.iclasspro.com/capgymavery/camp-details/1244
Capital Gymnastics - Cedar Park,CCP,MISSING PRICE IN DESCRIPTION,OPEN GYM,2026-02-06,10:30 AM - 12:00 PM,"Gym Fun Fridays | Open Gym | Ages 1-5 | February 6, 2026 | 10:30am -12:00pm | $10",$10,https://portal.iclasspro.com/capgymavery/camp-details/1245
Capital Gymnastics - Cedar Park,CCP,MISSING PRICE IN DESCRIPTION,CAMP,2026-02-12,9:00 AM - 3:00 PM,"Love to Move | School Year Camp | Ages 4-13 | Thursday, February 12, 2025 | 9 am-3 pm | $69/day",$69,https://portal.iclasspro.com/capgymavery/camp-details/1182
Capital Gymnastics - Cedar Park,CCP,MISSING PRICE IN DESCRIPTION,CAMP,2026-02-13,9:00 AM - 3:00 PM,"Love to Move | School Year Camp | Ages 4-13 | Friday, February 13, 2025 | 9 am-3 pm | $69/day",$69,https://portal.iclasspro.com/capgymavery/camp-details/1183
Capital Gymnastics - Cedar Park,CCP,MISSING PRICE IN DESCRIPTION,KIDS NIGHT OUT,2026-02-13,6:30 PM - 9:30 PM,"Kids Night Out | Ages 4-13 | February 13, 2026 | 6:30-9:30 pm",None,https://portal.iclasspro.com/capgymavery/camp-details/1256
Capital Gymnastics - Cedar Park,CCP,MISSING PRICE IN DESCRIPTION,OPEN GYM,2026-02-13,10:30 AM - 12:00 PM,"Gym Fun Fridays | Open Gym | Ages 1-5 | February 13, 2026 | 10:30am -12:00pm | $10",$10,https://portal.iclasspro.com/capgymavery/camp-details/1246
Capital Gymnastics - Cedar Park,CCP,MISSING PRICE IN DESCRIPTION,CLINIC,2026-02-15,2:30 PM - 4:00 PM,"Beginner Floor Clinic | Ages 6+ | Sunday, February 15, 2026 | 2:30pm-4:00pm | $35",$35,https://portal.iclasspro.com/capgymavery/camp-details/1254
Capital Gymnastics - Cedar Park,CCP,MISSING PRICE IN DESCRIPTION,CAMP,2026-02-16,9:00 AM - 3:00 PM,"Love to Move | School Year Camp | Ages 4-13 | Monday, February 16, 2025 | 9 am-3 pm | $69/day",$69,https://portal.iclasspro.com/capgymavery/camp-details/1148
Capital Gymnastics - Cedar Park,CCP,MISSING PRICE IN DESCRIPTION,CLINIC,2026-02-20,6:15 PM - 7:15 PM,"Cartwheel Clinic | Ages 6+ | Friday, February 20, 2026 | 6:15pm-7:15pm | $30",$30,https://portal.iclasspro.com/capgymavery/camp-details/1257
Capital Gymnastics - Cedar Park,CCP,MISSING PRICE IN DESCRIPTION,OPEN GYM,2026-02-20,10:30 AM - 12:00 PM,"Gym Fun Fridays | Open Gym | Ages 1-5 | February 20, 2026 | 10:30am -12:00pm | $10",$10,https://portal.iclasspro.com/capgymavery/camp-details/1247
Capital Gymnastics - Cedar Park,CCP,MISSING PRICE IN DESCRIPTION,KIDS NIGHT OUT,2026-02-27,6:30 PM - 9:30 PM,"Kids Night Out | Ages 4-13 | February 27, 2026 | 6:30-9:30 pm",None,https://portal.iclasspro.com/capgymavery/camp-details/1255
Capital Gymnastics - Cedar Park,CCP,MISSING PRICE IN DESCRIPTION,OPEN GYM,2026-02-27,10:30 AM - 12:00 PM,"Gym Fun Fridays | Open Gym | Ages 1-5 | February 27, 2026 | 10:30am -12:00pm | $10",$10,https://portal.iclasspro.com/capgymavery/camp-details/1248
Capital Gymnastics - Cedar Park,CCP,MISSING PRICE IN DESCRIPTION,OPEN GYM,2026-03-06,10:30 AM - 12:00 PM,"Gym Fun Fridays | Open Gym | Ages 1-5 |March 6, 2026 | 10:30am -12:00pm | $10",$10,https://portal.iclasspro.com/capgymavery/camp-details/1249
Capital Gymnastics - Cedar Park,CCP,MISSING PRICE IN DESCRIPTION,CAMP,2026-03-16,9:00 AM - 3:00 PM,"Spring Into Action | School Year Camp | Ages 4-13 | Mon.-Fri, March 16th-20th, 2025 | 9 am-3 pm | $69/day",$69,https://portal.iclasspro.com/capgymavery/camp-details/1149
Capital Gymnastics - Cedar Park,CCP,MISSING PRICE IN DESCRIPTION,CAMP,2026-03-23,9:00 AM - 3:00 PM,"Bloom and Bounce | School Year Camp | Ages 4-13 | Monday, March 23, 2025 | 9 am-3 pm | $69/day",$69,https://portal.iclasspro.com/capgymavery/camp-details/1150
Capital Gymnastics - Cedar Park,CCP,MISSING PRICE IN DESCRIPTION,CAMP,2026-04-03,9:00 AM - 3:00 PM,"Hop, Flip and Jump | School Year Camp | Ages 4-13 | Friday, April 3, 2025 | 9 am-3 pm | $69/day",$69,https://portal.iclasspro.com/capgymavery/camp-details/1151
Capital Gymnastics - Cedar Park,CCP,MISSING PRICE IN DESCRIPTION,CAMP,2026-04-06,9:00 AM - 3:00 PM,"Summer Count Down ""Flip Style"" | School Year Camp | Ages 4-13 | Monday, April 6, 2025 | 9 am-3 pm | $69/day",$69,https://portal.iclasspro.com/capgymavery/camp-details/1152
Capital Gymnastics - Cedar Park,CCP,NO DESCRIPTION,CLINIC,2026-01-11,1:00 PM - 2:30 PM,"Pullover Clinic | Ages 6+ | Sunday, January 11, 2026 | 1:00pm-2:30pm | $35",$35,https://portal.iclasspro.com/capgymavery/camp-details/1250
Capital Gymnastics - Cedar Park,CCP,NO DESCRIPTION,CLINIC,2026-02-15,1:00 PM - 2:30 PM,"Pullover Clinic | Ages 6+ | Sunday, February 15, 2026 | 1:00pm-2:30pm | $35",$35,https://portal.iclasspro.com/capgymavery/camp-details/1253
Capital Gymnastics - Pflugerville,CPF,MISSING PRICE IN DESCRIPTION,CAMP,2026-01-05,9:00 AM - 12:00 PM,No School Day Camp | January 5th | Half Day (9-12) | $45,$45,https://portal.iclasspro.com/capgymhp/camp-details/2467
Capital Gymnastics - Pflugerville,CPF,MISSING PRICE IN DESCRIPTION,CAMP,2026-01-05,9:00 AM - 3:00 PM,No School Day Camp | January 5th | Full Day (9-3) | $60,$60,https://portal.iclasspro.com/capgymhp/camp-details/2466
Capital Gymnastics - Pflugerville,CPF,MISSING PRICE IN DESCRIPTION,KIDS NIGHT OUT,2026-01-09,6:30 PM - 9:30 PM,FROZEN Kid's Night Out | January 9th | 6:30-9:30 | $35 ($5 less for siblings),$35,https://portal.iclasspro.com/capgymhp/camp-details/2547
Capital Gymnastics - Pflugerville,CPF,MISSING PRICE IN DESCRIPTION,OPEN GYM,2026-01-09,10:00 AM - 11:30 AM,Gym Fun Fridays | January 9 | 10:00-11:30am | $10,$10,https://portal.iclasspro.com/capgymhp/camp-details/2543
Capital Gymnastics - Pflugerville,CPF,MISSING PRICE IN DESCRIPTION,CLINIC,2026-01-16,6:30 PM - 8:00 PM,Flip-Flop Clinic: January 16th: 6:30-8:00pm ($25),$25,https://portal.iclasspro.com/capgymhp/camp-details/2549
Capital Gymnastics - Pflugerville,CPF,MISSING PRICE IN DESCRIPTION,OPEN GYM,2026-01-16,10:00 AM - 11:30 AM,Gym Fun Fridays | January 16 | 10:00-11:30am | $10,$10,https://portal.iclasspro.com/capgymhp/camp-details/2544
Capital Gymnastics - Pflugerville,CPF,MISSING PRICE IN DESCRIPTION,CAMP,2026-01-19,9:00 AM - 3:00 PM,No School Day Camp | January 19th | Full Day (9-3) | $60,$60,https://portal.iclasspro.com/capgymhp/camp-details/2470
Capital Gymnastics - Pflugerville,CPF,MISSING PRICE IN DESCRIPTION,CAMP,2026-01-19,9:00 AM - 12:00 PM,No School Day Camp | January 19th | Half Day (9-12) | $45,$45,https://portal.iclasspro.com/capgymhp/camp-details/2469
Capital Gymnastics - Pflugerville,CPF,MISSING PRICE IN DESCRIPTION,KIDS NIGHT OUT,2026-01-23,6:30 PM - 9:30 PM,Kid's Night Out | January 23rd | 6:30-9:30 | $35 ($5 less for siblings),$35,https://portal.iclasspro.com/capgymhp/camp-details/2548
Capital Gymnastics - Pflugerville,CPF,MISSING PRICE IN DESCRIPTION,OPEN GYM,2026-01-23,10:00 AM - 11:30 AM,Gym Fun Fridays | January 23 | 10:00-11:30am | $10,$10,https://portal.iclasspro.com/capgymhp/camp-details/2545
Capital Gymnastics - Pflugerville,CPF,MISSING PRICE IN DESCRIPTION,OPEN GYM,2026-01-30,10:00 AM - 11:30 AM,Gym Fun Fridays | January 30 | 10:00-11:30am | $10,$10,https://portal.iclasspro.com/capgymhp/camp-details/2546
Capital Gymnastics - Pflugerville,CPF,MISSING PRICE IN DESCRIPTION,CAMP,2026-02-16,9:00 AM - 12:00 PM,No School Day Camp | February 16th | Half Day (9-12) | $45,$45,https://portal.iclasspro.com/capgymhp/camp-details/2449
Capital Gymnastics - Pflugerville,CPF,MISSING PRICE IN DESCRIPTION,CAMP,2026-02-16,9:00 AM - 3:00 PM,No School Day Camp | February 16th | Full Day (9-3) | $60,$60,https://portal.iclasspro.com/capgymhp/camp-details/2455
Capital Gymnastics - Pflugerville,CPF,MISSING PRICE IN DESCRIPTION,CAMP,2026-03-16,9:00 AM - 12:00 PM,Spring Break Camp | March 16th-March 20th | Half Day (9-12) | $45/day,$45,https://portal.iclasspro.com/capgymhp/camp-details/2462
Capital Gymnastics - Pflugerville,CPF,MISSING PRICE IN DESCRIPTION,CAMP,2026-03-16,9:00 AM - 3:00 PM,Spring Break | March 16th-March 20th | Full Day (9-3) | $60/day,$60,https://portal.iclasspro.com/capgymhp/camp-details/2461
Capital Gymnastics - Pflugerville,CPF,MISSING PRICE IN DESCRIPTION,CAMP,2026-04-03,9:00 AM - 3:00 PM,No School Day Camp |April 3rd | Full Day (9-3) | $60,$60,https://portal.iclasspro.com/capgymhp/camp-details/2456
Capital Gymnastics - Pflugerville,CPF,MISSING PRICE IN DESCRIPTION,CAMP,2026-04-03,9:00 AM - 12:00 PM,No School Day Camp | April 3 | Half Day (9-12) | $45,$45,https://portal.iclasspro.com/capgymhp/camp-details/2451
Capital Gymnastics - Pflugerville,CPF,MISSING PRICE IN DESCRIPTION,CAMP,2026-05-26,9:00 AM - 12:00 PM,Beach Bash Summer Camp | Week 1 | May 26- May 29 | Half Day (9-12),None,https://portal.iclasspro.com/capgymhp/camp-details/2505
Capital Gymnastics - Pflugerville,CPF,MISSING PRICE IN DESCRIPTION,CAMP,2026-06-01,9:00 AM - 12:00 PM,Pixar & Pajamas Summer Camp | Week 2 | June 1-June 5| Half Day (9-12),None,https://portal.iclasspro.com/capgymhp/camp-details/2508
Capital Gymnastics - Pflugerville,CPF,MISSING PRICE IN DESCRIPTION,CAMP,2026-06-08,9:00 AM - 12:00 PM,Around The World Summer Camp | Week 3 | June 8-June 12| Half Day (9-12),None,https://portal.iclasspro.com/capgymhp/camp-details/2512
Capital Gymnastics - Pflugerville,CPF,MISSING PRICE IN DESCRIPTION,CAMP,2026-06-15,9:00 AM - 12:00 PM,Magic & Mystery Summer Camp | Week 4 | June 15-June 19| Half Day (9-12),None,https://portal.iclasspro.com/capgymhp/camp-details/2515
Capital Gymnastics - Pflugerville,CPF,MISSING PRICE IN DESCRIPTION,CAMP,2026-06-22,9:00 AM - 12:00 PM,Time Traveler Summer Camp | Week 5 | June 22-June 26| Half Day (9-12),None,https://portal.iclasspro.com/capgymhp/camp-details/2518
Capital Gymnastics - Pflugerville,CPF,MISSING PRICE IN DESCRIPTION,CAMP,2026-06-29,9:00 AM - 12:00 PM,Kindness & Community Summer Camp | Week 6 | June 29-July 3| Half Day (9-12),None,https://portal.iclasspro.com/capgymhp/camp-details/2521
Capital Gymnastics - Pflugerville,CPF,MISSING PRICE IN DESCRIPTION,CAMP,2026-07-06,9:00 AM - 12:00 PM,Storybook Adventures Summer Camp | Week 7 | July 6-July 10| Half Day (9-12),None,https://portal.iclasspro.com/capgymhp/camp-details/2524
Capital Gymnastics - Pflugerville,CPF,MISSING PRICE IN DESCRIPTION,CAMP,2026-07-13,9:00 AM - 12:00 PM,"Lights, Camera, ACTION! Summer Camp | Week 8 | July 13-July 17| Half Day (9-12)",None,https://portal.iclasspro.com/capgymhp/camp-details/2527
Capital Gymnastics - Pflugerville,CPF,MISSING PRICE IN DESCRIPTION,CAMP,2026-07-20,9:00 AM - 12:00 PM,Frozen Fun- Winter in Summer! Summer Camp | Week 9 | July 20-July 24| Half Day (9-12),None,https://portal.iclasspro.com/capgymhp/camp-details/2534
Capital Gymnastics - Pflugerville,CPF,MISSING PRICE IN DESCRIPTION,CAMP,2026-07-27,9:00 AM - 12:00 PM,Festival of Fun Summer Camp | Week 10 | July 27-July 31| Half Day (9-12),None,https://portal.iclasspro.com/capgymhp/camp-details/2535
Capital Gymnastics - Pflugerville,CPF,MISSING PRICE IN DESCRIPTION,CAMP,2026-08-03,9:00 AM - 12:00 PM,Peace Out Summer Camp | Week 11 | August 3-August 7| Half Day (9-12),None,https://portal.iclasspro.com/capgymhp/camp-details/2536
Capital Gymnastics - Pflugerville,CPF,NO DESCRIPTION,CAMP,2026-05-26,9:00 AM - 3:00 PM,Beach Bash Summer Camp | Week 1 | May 26- May 29 | Full Day (9-3),None,https://portal.iclasspro.com/capgymhp/camp-details/2504
Capital Gymnastics - Pflugerville,CPF,NO DESCRIPTION,CAMP,2026-06-01,9:00 AM - 3:00 PM,Pixar & Pajamas Summer Camp | Week 2 | June 1- June 5 | Full Day (9-3),None,https://portal.iclasspro.com/capgymhp/camp-details/2507
Capital Gymnastics - Pflugerville,CPF,NO DESCRIPTION,CAMP,2026-06-08,9:00 AM - 3:00 PM,Around The World Summer Camp | Week 3 | June 8- June 12 | Full Day (9-3),None,https://portal.iclasspro.com/capgymhp/camp-details/2511
Capital Gymnastics - Pflugerville,CPF,NO DESCRIPTION,CAMP,2026-06-15,9:00 AM - 3:00 PM,Magic & Mystery Summer Camp | Week 4 | June 15- June 19 | Full Day (9-3),None,https://portal.iclasspro.com/capgymhp/camp-details/2514
Capital Gymnastics - Pflugerville,CPF,NO DESCRIPTION,CAMP,2026-06-22,9:00 AM - 3:00 PM,Time Traveler Summer Camp | Week 5 | June 22- June 26 | Full Day (9-3),None,https://portal.iclasspro.com/capgymhp/camp-details/2517
Capital Gymnastics - Pflugerville,CPF,NO DESCRIPTION,CAMP,2026-06-29,9:00 AM - 3:00 PM,Kindness & Community Summer Camp | Week 6 | June 29- July 3 | Full Day (9-3),None,https://portal.iclasspro.com/capgymhp/camp-details/2520
Capital Gymnastics - Pflugerville,CPF,NO DESCRIPTION,CAMP,2026-07-06,9:00 AM - 3:00 PM,Storybook Adventures Summer Camp | Week 7 | July 6- July 10 | Full Day (9-3),None,https://portal.iclasspro.com/capgymhp/camp-details/2523
Capital Gymnastics - Pflugerville,CPF,NO DESCRIPTION,CAMP,2026-07-13,9:00 AM - 3:00 PM,"Lights, Camera, ACTION! Summer Camp | Week 8 | July 13- July 17 | Full Day (9-3)",None,https://portal.iclasspro.com/capgymhp/camp-details/2526
Capital Gymnastics - Pflugerville,CPF,NO DESCRIPTION,CAMP,2026-07-20,9:00 AM - 3:00 PM,Frozen Fun- Winter in Summer Camp | Week 9 | July 20- July 24 | Full Day (9-3),None,https://portal.iclasspro.com/capgymhp/camp-details/2529
Capital Gymnastics - Pflugerville,CPF,NO DESCRIPTION,CAMP,2026-07-27,9:00 AM - 3:00 PM,Festival of Fun Summer Camp | Week 10 | July 27- July 31 | Full Day (9-3),None,https://portal.iclasspro.com/capgymhp/camp-details/2533
Capital Gymnastics - Pflugerville,CPF,NO DESCRIPTION,CAMP,2026-08-03,9:00 AM - 3:00 PM,Peace Out Summer Camp | Week 11 |August 3- August 7 | Full Day (9-3),None,https://portal.iclasspro.com/capgymhp/camp-details/2532
Capital Gymnastics - Round Rock,CRR,MISSING PRICE IN DESCRIPTION,KIDS NIGHT OUT,2026-01-09,6:30 PM - 9:30 PM,Kids Night Out Bring a Friend for $10 - Friends sign up here!,$10,https://portal.iclasspro.com/capgymroundrock/camp-details/1680
Capital Gymnastics - Round Rock,CRR,MISSING PRICE IN DESCRIPTION,OPEN GYM,2026-01-09,10:00 AM - 11:30 AM,Gym Fun Friday |Ages 0-6 | January 9th,None,https://portal.iclasspro.com/capgymroundrock/camp-details/1676
Capital Gymnastics - Round Rock,CRR,MISSING PRICE IN DESCRIPTION,OPEN GYM,2026-01-16,10:00 AM - 11:30 AM,Gym Fun Friday |Ages 0-6 | January 16th,None,https://portal.iclasspro.com/capgymroundrock/camp-details/1677
Capital Gymnastics - Round Rock,CRR,MISSING PRICE IN DESCRIPTION,KIDS NIGHT OUT,2026-01-23,6:30 PM - 9:30 PM,Kids Night Out | Ages 4+ | January 23rd -Space Invasion: DJ Glow Party ,None,https://portal.iclasspro.com/capgymroundrock/camp-details/1673
Capital Gymnastics - Round Rock,CRR,MISSING PRICE IN DESCRIPTION,OPEN GYM,2026-01-23,10:00 AM - 11:30 AM,Gym Fun Friday |Ages 0-6 | January 23rd,None,https://portal.iclasspro.com/capgymroundrock/camp-details/1678
Capital Gymnastics - Round Rock,CRR,MISSING PRICE IN DESCRIPTION,OPEN GYM,2026-01-30,10:00 AM - 11:30 AM,Gym Fun Friday |Ages 0-6 | January 30th,None,https://portal.iclasspro.com/capgymroundrock/camp-details/1679
Rowland Ballard - Kingwood,RBK,MISSING PRICE IN DESCRIPTION,KIDS NIGHT OUT,2026-01-09,7:00 PM - 10:00 PM,Popcorn & a movie KNO! | Jan 9| Friday | 7:00pm-10 pm,None,https://portal.iclasspro.com/rbkingwood/camp-details/1605
Rowland Ballard - Kingwood,RBK,MISSING PRICE IN DESCRIPTION,KIDS NIGHT OUT,2026-01-23,7:00 PM - 9:30 PM,SLIME KNO! | Jan 23| Friday | 7:00pm-9:30pm,None,https://portal.iclasspro.com/rbkingwood/camp-details/1606
Rowland Ballard - Kingwood,RBK,MISSING PRICE IN DESCRIPTION,KIDS NIGHT OUT,2026-02-06,7:00 PM - 9:30 PM,KNO! | Feb 6| Friday | 7:00pm-9:30pm,None,https://portal.iclasspro.com/rbkingwood/camp-details/1613
Rowland Ballard - Kingwood,RBK,MISSING PRICE IN DESCRIPTION,KIDS NIGHT OUT,2026-02-20,7:00 PM - 9:30 PM,KNO! | Feb 20| Friday | 7:00pm-9:30pm,None,https://portal.iclasspro.com/rbkingwood/camp-details/1614
TIGAR Gymnastics,TIG,MISSING PRICE IN DESCRIPTION,KIDS NIGHT OUT,2026-02-20,6:30 PM - 9:30 PM,"Mountain Phoenix Community School | KIDS NIGHT OUT | Friday, Feb 20th | 6:30p - 9:30p (Students 5+)",None,https://portal.iclasspro.com/tigar/camp-details/571
